{"version":"0.4","title":"good5","type":"popup","content":[{"id":"64035c24","settings":[],"elements":[{"id":"1eb2e2c0","settings":{"_column_size":100,"_inline_size":null},"elements":[{"id":"e77a692","settings":{"image":{"url":"http:\/\/suchar.unaux.com\/wp-content\/uploads\/2021\/03\/0-4426_happy-business-people-png-group-of-successful-people.png","id":82},"image_size":"medium_large","image_custom_dimension":{"width":"100","height":"40"},"align":"center","width":{"unit":"%","size":100,"sizes":[]},"space":{"unit":"%","size":100,"sizes":[]},"height":{"unit":"px","size":179,"sizes":[]}},"elements":[],"isInner":false,"widgetType":"image","elType":"widget"},{"id":"aae66d9","settings":{"source":"custom","author_avatar":{"url":"http:\/\/suchar.unaux.com\/wp-content\/uploads\/2021\/03\/Brian-Lewis.png","id":120},"author_name":"Mercy Oglesby","author_bio":" consectetur adipiscing thih find anhh","link_text":"All Posts","layout":"above","alignment":"center","image_size":{"unit":"px","size":130,"sizes":[]},"image_gap":{"unit":"px","size":15,"sizes":[]},"image_border_radius":{"unit":"px","size":18,"sizes":[]},"_margin":{"unit":"px","top":"0","right":"0","bottom":"0","left":"0","isLinked":true},"_element_width":"initial","_element_custom_width":{"unit":"px","size":572},"_position":"absolute","_offset_x":{"size":10,"unit":"px"},"_offset_y":{"size":107,"unit":"px"}},"elements":[],"isInner":false,"widgetType":"author-box","elType":"widget"},{"id":"73900c3a","settings":{"text":"Plan Your Visit","align":"justify","size":"lg","background_color":"#911010","button_background_hover_color":"#650707","_margin":{"unit":"px","top":"0","right":"31","bottom":"0","left":"31","isLinked":false},"_padding":{"unit":"px","top":"0","right":"0","bottom":"0","left":"0","isLinked":false},"_element_width":"initial","_element_custom_width":{"unit":"px","size":567},"_position":"absolute","_offset_x":{"size":14,"unit":"px"},"_offset_y":{"size":316,"unit":"px"}},"elements":[],"isInner":false,"widgetType":"button","elType":"widget"}],"isInner":false,"elType":"column"}],"isInner":false,"elType":"section"}],"page_settings":{"width":{"unit":"px","size":592,"sizes":[]},"height_type":"custom","height":{"unit":"px","size":402,"sizes":[]},"border_radius":{"unit":"px","top":"0","right":"0","bottom":"0","left":"0","isLinked":true},"margin":{"unit":"px","top":"0","right":"0","bottom":"0","left":"0","isLinked":true},"padding":{"unit":"px","top":"0","right":"0","bottom":"0","left":"0","isLinked":true}}}