{"version":"0.4","title":"bhn","type":"popup","content":[{"id":"4007e5f4","settings":[],"elements":[{"id":"74daebcf","settings":{"_column_size":100,"_inline_size":null},"elements":[{"id":"6d0f0059","settings":{"title":"Plan Your Visit","size":"xxl","header_size":"h1","align":"center","title_color":"#FFFFFF","_margin":{"unit":"px","top":"0","right":"0","bottom":"0","left":"0","isLinked":false},"_padding":{"unit":"px","top":"0","right":"0","bottom":"0","left":"9","isLinked":false},"_element_width":"initial","_element_custom_width":{"unit":"px","size":424},"_position":"fixed","_offset_x":{"size":470,"unit":"px"},"_offset_y":{"size":21,"unit":"px"}},"elements":[],"isInner":false,"widgetType":"heading","elType":"widget"},{"id":"6fe79a3","settings":{"form_name":"New Form","form_fields":[{"custom_id":"name","field_type":"html","field_label":"Name","placeholder":"Name","_id":"59979dc","field_html":"<h2 style=\"text-align:cen\">What's your phone number,Thomas?\u200b<\/h2>"},{"custom_id":"message","field_type":"tel","placeholder":"Phone number","_id":"6d43541","required":"true"}],"input_size":"lg","mark_required":"yes","step_next_label":"Next","step_previous_label":"Previous","button_text":"Done! Hit ENTER","selected_button_icon":{"value":"fas fa-check","library":"fa-solid"},"email_content":"[all-fields]","email_content_2":"[all-fields]","success_message":"The form was sent successfully.","error_message":"An error occurred.","required_field_message":"This field is required.","invalid_message":"There's something wrong. The form is invalid.","button_background_color":"#9D0B0F","previous_button_background_color":"#9D0B0F","button_background_hover_color":"#A9060B","previous_button_background_color_hover":"#A9060B","_padding":{"unit":"px","top":"0","right":"36","bottom":"0","left":"36","isLinked":false},"button_size":"md","step_type":"number","_margin":{"unit":"px","top":"34","right":"34","bottom":"34","left":"34","isLinked":true}},"elements":[],"isInner":false,"widgetType":"form","elType":"widget"}],"isInner":false,"elType":"column"}],"isInner":false,"elType":"section"}],"page_settings":{"width":{"unit":"px","size":671,"sizes":[]},"height_type":"custom","height":{"unit":"px","size":456,"sizes":[]},"content_position":"center","close_button_position":"outside","close_button_vertical":{"unit":"%","size":7,"sizes":[]},"close_button_horizontal":{"unit":"%","size":27,"sizes":[]},"close_button_color":"#FFFFFF","icon_size":{"unit":"px","size":18,"sizes":[]},"close_button_delay":0.1000000000000000055511151231257827021181583404541015625}}