{"version":"0.4","title":"good6","type":"popup","content":[{"id":"4adee4ee","settings":[],"elements":[{"id":"26f56afe","settings":{"_column_size":100,"_inline_size":null},"elements":[{"id":"266b0c38","settings":{"title":"myron@thisismission.org from Mission Ch...","header_size":"p","align":"center","title_color":"#AFBAC0","_element_width":"initial","_element_vertical_align":"flex-end","_position":"absolute","_offset_x":{"size":115,"unit":"px"},"_offset_y":{"size":16,"unit":"px"}},"elements":[],"isInner":false,"widgetType":"heading","elType":"widget"},{"id":"35e8dee9","settings":{"image":{"url":"http:\/\/suchar.unaux.com\/wp-content\/uploads\/2021\/03\/3BFE2B43-4633-4505-A938-DF043F9CB965.jpg","id":123},"image_size":"thumbnail","align":"left","caption_source":"attachment","width":{"unit":"%","size":90,"sizes":[]},"space":{"unit":"%","size":100,"sizes":[]},"height":{"unit":"px","size":60,"sizes":[]},"image_border_radius":{"unit":"px","top":"24","right":"24","bottom":"24","left":"24","isLinked":true},"caption_align":"justify","caption_typography_font_family":"Roboto","caption_typography_font_weight":"400","caption_space":{"unit":"px","size":0,"sizes":[]},"_margin":{"unit":"px","top":"7","right":"7","bottom":"7","left":"7","isLinked":true},"_padding":{"unit":"px","top":"0","right":"0","bottom":"0","left":"0","isLinked":true},"_element_width":"initial","_element_custom_width":{"unit":"%","size":6},"_element_vertical_align":"flex-start","_position":"fixed","_offset_x":{"size":969,"unit":"px"},"_offset_y":{"size":279,"unit":"px"}},"elements":[],"isInner":false,"widgetType":"image","elType":"widget"},{"id":"6e91da99","settings":{"wp":{"title":"","text":"Welcome Home! My name is Pastor Myron how can I help you?","filter":"on","visual":"on"},"_margin":{"unit":"px","top":"31","right":"0","bottom":"0","left":"0","isLinked":false},"_padding":{"unit":"px","top":"0","right":"44","bottom":"0","left":"16","isLinked":false},"_animation":"fadeIn"},"elements":[],"isInner":false,"widgetType":"wp-widget-text","elType":"widget"},{"id":"4e967c50","settings":{"form_name":"New Form","form_fields":[{"custom_id":"email","field_type":"email","required":"true","placeholder":"coreysande1435@gmail.com........","_id":"9e03f1d"}],"input_size":"md","mark_required":"yes","button_width":"","button_align":"end","step_next_label":"Next","step_previous_label":"Previous","button_text":"Send","selected_button_icon":{"value":"far fa-comment-alt","library":"fa-regular"},"email_content":"[all-fields]","email_content_2":"[all-fields]","step_type":"text","success_message":"The form was sent successfully.","error_message":"An error occurred.","required_field_message":"This field is required.","invalid_message":"There's something wrong. The form is invalid.","column_gap":{"unit":"px","size":0,"sizes":[]},"row_gap":{"unit":"px","size":6,"sizes":[]},"mark_required_color":"#650B0B","field_border_width":{"unit":"px","top":"1","right":"1","bottom":"1","left":"1","isLinked":true},"button_border_radius":{"unit":"px","top":"6","right":"6","bottom":"6","left":"6","isLinked":true},"button_text_padding":{"unit":"px","top":"13","right":"13","bottom":"13","left":"13","isLinked":true},"message_typography_typography":"custom","message_typography_font_family":"Roboto","message_typography_font_weight":"400","_margin":{"unit":"px","top":"0","right":"0","bottom":"0","left":"0","isLinked":true},"_padding":{"unit":"px","top":"0","right":"0","bottom":"0","left":"0","isLinked":true},"_element_width":"initial","_element_custom_width":{"unit":"px","size":345.26600000000001955413608811795711517333984375}},"elements":[],"isInner":false,"widgetType":"form","elType":"widget"},{"id":"10d3de56","settings":{"share_buttons":[{"_id":"c6c34aa"},{"button":"twitter","_id":"2516624"},{"button":"linkedin","_id":"381c2bb"}],"view":"icon","skin":"flat","shape":"circle","alignment":"left","share_url_type":"custom","_margin":{"unit":"px","top":"0","right":"0","bottom":"0","left":"0","isLinked":true},"_padding":{"unit":"px","top":"0","right":"0","bottom":"0","left":"0","isLinked":true},"motion_fx_motion_fx_mouse":"yes","_element_width":"initial","_element_vertical_align":"center","_position":"absolute","_offset_x":{"size":82,"unit":"px"},"_offset_y":{"size":170,"unit":"px"}},"elements":[],"isInner":false,"widgetType":"share-buttons","elType":"widget"}],"isInner":false,"elType":"column"}],"isInner":false,"elType":"section"}],"page_settings":{"width":{"unit":"px","size":365,"sizes":[]},"height_type":"custom","height":{"unit":"px","size":225,"sizes":[]},"horizontal_position":"right","vertical_position":"bottom","overlay":"","entrance_animation":"none","border_radius":{"unit":"px","top":"5","right":"5","bottom":"5","left":"5","isLinked":true},"close_button_position":"outside","close_button_vertical":{"unit":"px","size":242,"sizes":[]},"close_button_horizontal":{"unit":"%","size":3.399999999999999911182158029987476766109466552734375,"sizes":[]},"close_button_color":"#FFFFFF","close_button_background_color":"#850E0E","icon_size":{"unit":"px","size":39,"sizes":[]},"margin":{"unit":"px","top":"0","right":"36","bottom":"89","left":"0","isLinked":false},"padding":{"unit":"px","top":"0","right":"0","bottom":"0","left":"0","isLinked":true}}}