{"version":"0.4","title":"good1","type":"popup","content":[{"id":"3aa809ee","settings":[],"elements":[{"id":"5c71bc48","settings":{"_column_size":100,"_inline_size":null},"elements":[{"id":"3ab1f6f5","settings":{"wp":{"title":"","text":"<div class=\"recent-visits-wrapper\"><strong><span class=\"visits\">477 <\/span><\/strong>people have recently planned a visit<\/div>","filter":"on","visual":"on"}},"elements":[],"isInner":false,"widgetType":"wp-widget-text","elType":"widget"},{"id":"788b812c","settings":{"text":"Click here","align":"justify","selected_icon":{"value":"fas fa-arrow-right","library":"fa-solid"},"icon_align":"right","icon_indent":{"unit":"px","size":0,"sizes":[]},"text_shadow_text_shadow_type":"yes","text_shadow_text_shadow":{"horizontal":0,"vertical":0,"blur":13,"color":"rgba(0,0,0,0.3)"},"background_color":"#9D0B0F","button_background_hover_color":"#86090D","border_radius":{"unit":"px","top":"6","right":"6","bottom":"6","left":"6","isLinked":true},"_padding":{"unit":"px","top":"0","right":"4","bottom":"0","left":"4","isLinked":false}},"elements":[],"isInner":false,"widgetType":"button","elType":"widget"}],"isInner":false,"elType":"column"}],"isInner":false,"elType":"section"}],"page_settings":{"width":{"unit":"px","size":355,"sizes":[]},"height_type":"custom","height":{"unit":"px","size":100,"sizes":[]},"content_position":"center","horizontal_position":"left","vertical_position":"bottom","entrance_animation":"fadeInUp","border_radius":{"unit":"px","top":"6","right":"6","bottom":"6","left":"6","isLinked":true},"close_automatically":1,"avoid_multiple_popups":"yes","margin":{"unit":"px","top":"17","right":"17","bottom":"17","left":"17","isLinked":true},"overlay":""}}