{"version":"0.4","title":"good2","type":"popup","content":[{"id":"559690b4","settings":[],"elements":[{"id":"70f2eec5","settings":{"_column_size":100,"_inline_size":null},"elements":[{"id":"244fece","settings":{"image":{"url":"http:\/\/suchar.unaux.com\/wp-content\/uploads\/2021\/03\/Brian-Lewis.png","id":120},"thumbnail_size":"thumbnail","title_text":"Mercy Oglesby","description_text":"Mission Church brings Hope to the Hopeless. This Church is the type of stray away.","position":"left","title_size":"span"},"elements":[],"isInner":false,"widgetType":"image-box","elType":"widget"},{"id":"18895423","settings":{"title":"Click here to read more....","link":{"url":"#","is_external":"","nofollow":"","custom_attributes":""},"header_size":"span","align":"right","title_color":"#8B989E","_position":"fixed","_offset_x":{"size":-989,"unit":"px"},"_offset_y":{"size":557,"unit":"px"},"_margin":{"unit":"px","top":"0","right":"0","bottom":"0","left":"0","isLinked":false},"_element_width":"initial","_element_custom_width":{"unit":"%","size":93,"sizes":[]}},"elements":[],"isInner":false,"widgetType":"heading","elType":"widget"}],"isInner":false,"elType":"column"}],"isInner":false,"elType":"section"}],"page_settings":{"width":{"unit":"px","size":378,"sizes":[]},"height":{"unit":"px","size":143,"sizes":[]},"content_position":"bottom","horizontal_position":"left","vertical_position":"bottom","overlay":"","entrance_animation":"fadeIn","exit_animation":"none","border_radius":{"unit":"px","top":"6","right":"6","bottom":"6","left":"6","isLinked":true},"box_shadow_box_shadow":{"horizontal":0,"vertical":0,"blur":23,"spread":-5,"color":"rgba(210.75000000000003, 191.50760869565218, 191.50760869565218, 0.88)"},"margin":{"unit":"px","top":"15","right":"15","bottom":"15","left":"15","isLinked":true}}}