{"version":"0.4","title":"fast good3","type":"popup","content":[{"id":"76d9f85d","settings":[],"elements":[{"id":"74829e3","settings":{"_column_size":100,"_inline_size":null},"elements":[{"id":"48d1fa5b","settings":{"image":{"url":"http:\/\/suchar.unaux.com\/wp-content\/uploads\/2021\/03\/bi-background-green.png","id":178},"image_size":"full","align":"center","opacity":{"unit":"px","size":0.67000000000000003996802888650563545525074005126953125,"sizes":[]},"_margin":{"unit":"px","top":"0","right":"0","bottom":"0","left":"0","isLinked":true},"_padding":{"unit":"px","top":"0","right":"0","bottom":"0","left":"0","isLinked":true},"width":{"unit":"%","size":100,"sizes":[]},"space":{"unit":"%","size":100,"sizes":[]},"height":{"unit":"px","size":300,"sizes":[]}},"elements":[],"isInner":false,"widgetType":"image","elType":"widget"},{"id":"6eae978d","settings":{"title":"to Mission Church","header_size":"h5","title_color":"#FFFFFF","_element_width":"initial","_position":"absolute","_offset_x":{"size":248,"unit":"px"},"_offset_y":{"size":194,"unit":"px"}},"elements":[],"isInner":false,"widgetType":"heading","elType":"widget"},{"id":"36105b08","settings":{"title":"You're Invited","header_size":"h1","align":"center","title_color":"#FFFFFF","_element_width":"initial","_position":"absolute","_offset_x":{"size":179,"unit":"px"},"_offset_y":{"size":150,"unit":"px"}},"elements":[],"isInner":false,"widgetType":"heading","elType":"widget"},{"id":"58c4f40e","settings":{"text":"Plan Your Visit","align":"justify","selected_icon":{"value":"fas fa-arrow-right","library":"fa-solid"},"icon_align":"right","icon_indent":{"unit":"px","size":0,"sizes":[]},"background_color":"#9D0B0F","size":"md","button_background_hover_color":"#A9060B","text_padding":{"unit":"px","top":"-1","right":"-1","bottom":"-1","left":"-1","isLinked":true},"_margin":{"unit":"px","top":"0","right":"50","bottom":"0","left":"50","isLinked":false},"_padding":{"unit":"px","top":"0","right":"0","bottom":"0","left":"0","isLinked":true},"__globals__":{"typography_typography":"globals\/typography?id=primary"}},"elements":[],"isInner":false,"widgetType":"button","elType":"widget"},{"id":"5aedb63a","settings":{"title":"NEXT SERVICE IN ...","header_size":"p","align":"center","title_color":"#171A1B","_margin":{"unit":"px","top":"-7","right":"-7","bottom":"-7","left":"-7","isLinked":true},"_padding":{"unit":"px","top":"0","right":"0","bottom":"0","left":"0","isLinked":false}},"elements":[],"isInner":false,"widgetType":"heading","elType":"widget"},{"id":"6fa6b41d","settings":{"label_days":"Days","label_hours":"Hours","label_minutes":"Minutes","label_seconds":"Seconds","expire_actions":[],"container_width":{"unit":"%","size":64,"sizes":[]},"box_background_color":"#FFFFFF","box_spacing":{"unit":"px","size":21,"sizes":[]},"box_padding":{"unit":"px","top":"0","right":"0","bottom":"0","left":"0","isLinked":true},"digits_color":"#2B2B2B","digits_typography_typography":"custom","digits_typography_font_family":"Roboto","digits_typography_font_weight":"600","label_color":"#9CA7B5","label_typography_typography":"custom","label_typography_font_family":"Roboto","label_typography_font_weight":"600","_margin":{"unit":"px","top":"-6","right":"-6","bottom":"15","left":"-6","isLinked":false},"_padding":{"unit":"px","top":"0","right":"0","bottom":"0","left":"0","isLinked":true},"_element_width":"initial","_element_custom_width":{"unit":"px","size":960},"_element_vertical_align":"center","_offset_x":{"size":256,"unit":"px"},"_offset_y":{"size":302,"unit":"px"},"__globals__":{"digits_typography_typography":"globals\/typography?id=primary","label_typography_typography":"globals\/typography?id=primary","box_background_color":""}},"elements":[],"isInner":false,"widgetType":"countdown","elType":"widget"},{"id":"59f7b7fc","settings":{"source":"custom","author_avatar":{"url":"http:\/\/suchar.unaux.com\/wp-content\/uploads\/2021\/03\/Origins-Leaf-Logo-Profile-Picture-1-1.png","id":125},"author_name":"John Doe","author_name_tag":"span","show_biography":"","show_link":"","author_bio":"Lorem ipsum ","link_text":"All Posts","layout":"above","name_color":"#FDFEFF","bio_color":"#FFFFFF","bio_gap":{"unit":"px","size":0,"sizes":[]},"_margin":{"unit":"px","top":"0","right":"0","bottom":"0","left":"0","isLinked":true},"_padding":{"unit":"px","top":"0","right":"0","bottom":"0","left":"0","isLinked":true},"_element_width":"initial","_position":"fixed","_offset_x":{"size":613,"unit":"px"},"_offset_y":{"size":57,"unit":"px"}},"elements":[],"isInner":false,"widgetType":"author-box","elType":"widget"}],"isInner":false,"elType":"column"}],"isInner":false,"elType":"section"}],"page_settings":{"border_radius":{"unit":"px","top":"15","right":"15","bottom":"15","left":"15","isLinked":true},"margin":{"unit":"px","top":"43","right":"0","bottom":"0","left":"0","isLinked":false},"padding":{"unit":"px","top":"0","right":"0","bottom":"0","left":"0","isLinked":true},"width":{"unit":"px","size":618,"sizes":[]},"height_type":"custom","height":{"unit":"px","size":485,"sizes":[]},"content_position":"bottom"}}