{"version":"0.4","title":"good9","type":"popup","content":[{"id":"6ca89500","settings":{"content_width":{"unit":"px","size":1168,"sizes":[]}},"elements":[{"id":"130d64ba","settings":{"_column_size":100,"_inline_size":100,"content_position":"center","align":"center","space_between_widgets":3,"background_background":"classic","background_color":"#4E414161","background_overlay_background":"classic","margin":{"unit":"px","top":"0","right":"0","bottom":"0","left":"0","isLinked":true},"padding":{"unit":"px","top":"0","right":"0","bottom":"0","left":"0","isLinked":true},"z_index":0},"elements":[{"id":"2955ec2c","settings":{"title":"Plan Your Visit","align":"center","title_color":"#FFFFFF","_margin":{"unit":"px","top":"21","right":"21","bottom":"21","left":"21","isLinked":true}},"elements":[],"isInner":false,"widgetType":"heading","elType":"widget"}],"isInner":false,"elType":"column"}],"isInner":false,"elType":"section"},{"id":"2fa7baaa","settings":[],"elements":[{"id":"492f8086","settings":{"_column_size":100,"_inline_size":null},"elements":[{"id":"62200194","settings":{"title":"Which campus would you like to visit?\u200b","align":"center","title_color":"#444F54"},"elements":[],"isInner":false,"widgetType":"heading","elType":"widget"}],"isInner":false,"elType":"column"}],"isInner":false,"elType":"section"},{"id":"7c6dcc69","settings":{"structure":"20"},"elements":[{"id":"2cd593c2","settings":{"_column_size":50,"_inline_size":50,"content_position":"center","align":"center","space_between_widgets":0,"margin":{"unit":"px","top":"0","right":"0","bottom":"0","left":"100","isLinked":false}},"elements":[{"id":"5c537a7a","settings":{"address":"London Eye, London, United Kingdom","height":{"unit":"px","size":238,"sizes":[]},"_margin":{"unit":"px","top":"10","right":"10","bottom":"10","left":"10","isLinked":false},"_padding":{"unit":"px","top":"0","right":"9","bottom":"0","left":"9","isLinked":false},"_border_border":"solid","_border_radius":{"unit":"px","top":"7","right":"7","bottom":"7","left":"7","isLinked":true},"_element_width":"initial","_element_custom_width":{"unit":"px","size":200,"sizes":[]},"_element_vertical_align":"center","_offset_x":{"size":347,"unit":"px"},"_offset_y":{"size":185,"unit":"px"}},"elements":[],"isInner":false,"widgetType":"google_maps","elType":"widget"}],"isInner":false,"elType":"column"},{"id":"234c7c9f","settings":{"_column_size":50,"_inline_size":50,"content_position":"center","align":"center","space_between_widgets":0,"margin":{"unit":"px","top":"0","right":"100","bottom":"0","left":"0","isLinked":false}},"elements":[{"id":"7f1c189a","settings":{"address":"London Eye, London, United Kingdom","height":{"unit":"px","size":238,"sizes":[]},"_margin":{"unit":"px","top":"10","right":"10","bottom":"10","left":"10","isLinked":true},"_padding":{"unit":"px","top":"0","right":"9","bottom":"0","left":"9","isLinked":false},"_border_border":"solid","_border_radius":{"unit":"px","top":"7","right":"7","bottom":"7","left":"7","isLinked":true},"_element_width":"initial","_element_custom_width":{"unit":"px","size":200,"sizes":[]},"_element_vertical_align":"center"},"elements":[],"isInner":false,"widgetType":"google_maps","elType":"widget"}],"isInner":false,"elType":"column"}],"isInner":false,"elType":"section"}],"page_settings":{"width":{"unit":"px","size":646,"sizes":[]},"height_type":"custom","height":{"unit":"px","size":413,"sizes":[]}}}