{"version":"0.4","title":"good4","type":"popup","content":[{"id":"deab499","settings":{"content_width":{"unit":"px","size":917,"sizes":[]},"gap":"wider","content_position":"middle","overflow":"hidden","margin":{"unit":"px","top":"175","right":0,"bottom":"175","left":0,"isLinked":false},"padding":{"unit":"px","top":"0","right":"0","bottom":"0","left":"0","isLinked":false}},"elements":[{"id":"6e128242","settings":{"_column_size":100,"_inline_size":null},"elements":[{"id":"12b43ce9","settings":{"title":"Plan Your Visit","size":"xxl","header_size":"h1","align":"center","title_color":"#FFFFFF","_margin":{"unit":"px","top":"0","right":"0","bottom":"0","left":"0","isLinked":false},"_padding":{"unit":"px","top":"0","right":"0","bottom":"0","left":"0","isLinked":false},"_position":"fixed","_offset_x":{"size":-52,"unit":"px"},"_offset_y":{"size":36,"unit":"px"}},"elements":[],"isInner":false,"widgetType":"heading","elType":"widget"},{"id":"7409aabd","settings":{"form_name":"New Form","form_fields":[{"_id":"d1fa36d","field_type":"html","field_html":"<h2 style=\"text-align:cen\">What is your first and last name?\u200b<\/h2>","width":"","custom_id":"field_d1fa36d"},{"_id":"2c6d21f","placeholder":"Last Name","required":"true","width":"50","custom_id":"field_2c6d21f"},{"custom_id":"name","placeholder":"Name","width":"50","_id":"c2e24a2","required":"true"}],"input_size":"lg","mark_required":"yes","button_size":"md","step_next_label":"Next","step_previous_label":"Previous","button_text":"Done! Hit ENTER","selected_button_icon":{"value":"fas fa-check","library":"fa-solid"},"button_icon_indent":{"unit":"px","size":9,"sizes":[]},"submit_actions":["popup"],"email_content":"[all-fields]","email_content_2":"[all-fields]","webhooks_advanced_data":"yes","slack_channel":"vdg","slack_username":"dgfg","slack_pretext":"fgdf","slack_title":"dfgd","slack_text":"sdfdsff","success_message":"The form was sent successfully.","error_message":"An error occurred.","required_field_message":"This field is required.","invalid_message":"There's something wrong. The form is invalid.","column_gap":{"unit":"px","size":16,"sizes":[]},"label_typography_typography":"custom","label_typography_font_family":"Poppins","label_typography_font_size":{"unit":"px","size":1,"sizes":[]},"label_typography_font_weight":"500","label_typography_line_height":{"unit":"em","size":0.1000000000000000055511151231257827021181583404541015625,"sizes":[]},"html_color":"#7A7A7A","button_background_color":"#9D0B0F","previous_button_background_color":"#9D0B0F","button_background_hover_color":"#A9060B","_margin":{"unit":"px","top":"0","right":"0","bottom":"0","left":"0","isLinked":false},"_padding":{"unit":"px","top":"0","right":"100","bottom":"0","left":"100","isLinked":false},"_background_background":"classic","_element_vertical_align":"center","__globals__":{"html_typography_typography":"globals\/typography?id=text","message_typography_typography":"globals\/typography?id=text"}},"elements":[],"isInner":false,"widgetType":"form","elType":"widget"}],"isInner":false,"elType":"column"}],"isInner":false,"elType":"section"}],"page_settings":{"width":{"unit":"px","size":770,"sizes":[]},"height_type":"custom","height":{"unit":"px","size":550,"sizes":[]},"content_position":"bottom","vertical_position":"bottom","border_radius":{"unit":"px","top":"1","right":"1","bottom":"1","left":"1","isLinked":true},"close_button_position":"outside","close_button_vertical":{"unit":"px","size":40,"sizes":[]},"close_button_horizontal":{"unit":"%","size":21,"sizes":[]},"close_button_color":"#FFFFFF","icon_size":{"unit":"px","size":18,"sizes":[]},"close_button_delay":0.1000000000000000055511151231257827021181583404541015625,"avoid_multiple_popups":"yes","margin":{"unit":"px","top":"0","right":"-21","bottom":"-55","left":"0","isLinked":false},"padding":{"unit":"px","top":"0","right":"0","bottom":"0","left":"0","isLinked":true}}}